epoch,step,测试/AUROC,测试/CoT准确率,测试/F1分数,测试/准确率,训练/AUROC,验证/AUROC,验证/CoT一致性损失,验证/CoT准确率,验证/F1分数,验证/准确率,验证/总损失,验证/损失
0,28,,,,,,0.7458747029304504,0.0347110740840435,0.7151187062263489,0.6006080508232117,0.7151187062263489,0.6158758401870728,0.6158758401870728
0,28,,,,,0.5727611780166626,,,,,,,
1,29,0.7498279809951782,0.6518117189407349,0.6444420218467712,0.6518117189407349,,,,,,,,
