epoch,step,train/accuracy,train/loss,train/total_loss
0,49,0.5625,0.6614691615104675,0.6614691615104675
0,99,0.625,0.6517684459686279,0.6517684459686279
