epoch,step,测试/AUROC,测试/CoT准确率,测试/F1分数,测试/准确率,训练/AUROC,验证/AUROC,验证/CoT一致性损失,验证/CoT准确率,验证/F1分数,验证/准确率,验证/总损失,验证/损失
0,28,,,,,,0.7656808495521545,0.03230796754360199,0.6605581045150757,0.6541613936424255,0.6605581045150757,0.6914970278739929,0.6914970278739929
0,28,,,,,0.6021201610565186,,,,,,,
1,29,0.7656808495521545,0.6605581045150757,0.6541613936424255,0.6605581045150757,,,,,,,,
