epoch,step,测试/AUROC,测试/CoT准确率,测试/F1分数,测试/准确率,训练/AUROC,验证/AUROC,验证/CoT一致性损失,验证/CoT准确率,验证/F1分数,验证/准确率,验证/总损失,验证/损失
0,28,,,,,,0.7447169423103333,0.055832430720329285,0.6518117189407349,0.39905381202697754,0.6647230386734009,0.5481973886489868,0.5481973886489868
0,28,,,,,0.5307021141052246,,,,,,,
1,29,0.7447169423103333,0.6518117189407349,0.39905381202697754,0.6647230386734009,,,,,,,,
