epoch,step,测试/AUROC,测试/CoT准确率,测试/F1分数,测试/准确率,训练/AUROC,训练/CoT一致性损失,训练/CoT准确率,训练/准确率,训练/总损失,训练/损失,验证/AUROC,验证/CoT一致性损失,验证/CoT准确率,验证/F1分数,验证/准确率,验证/总损失,验证/损失
0,28,,,,,,,,,,,0.7447169423103333,0.055832430720329285,0.6518117189407349,0.39905381202697754,0.6647230386734009,0.5481973886489868,0.5481973886489868
0,28,,,,,0.5307021141052246,,,,,,,,,,,,
1,49,,,,,,0.04768294841051102,0.7109375,0.71875,0.5140411853790283,0.5140411853790283,,,,,,,
1,57,,,,,,,,,,,0.7828184366226196,0.03889437019824982,0.7505205869674683,0.6952059864997864,0.7530195713043213,0.47858187556266785,0.47858187556266785
1,57,,,,,0.6565332412719727,,,,,,,,,,,,
2,58,0.7447169423103333,0.6518117189407349,0.39905381202697754,0.6647230386734009,,,,,,,,,,,,,
